,Date,Unix,Ticker,DE Ratio,Price,stock_p_change,SP500,sp500_p_change,Difference,Status
0,2004-01-30 19:01:02,1075469462.0,a,0.407,36.65,0.0,1131.13,0.0,0.0,underperfrom
1,2004-04-13 04:07:11,1081809431.0,a,0.375,31.87,-13.042291950886762,1129.44,-0.14940811400988874,-12.892883836876873,underperfrom
2,2004-12-13 21:37:34,1102954054.0,a,0.323,23.84,-34.95225102319236,1198.68,5.971904201992693,-40.92415522518505,underperfrom
3,2005-01-22 05:17:19,1106351239.0,a,0.322,21.8,-40.518417462482944,1184.63,4.7297834908454375,-45.24820095332838,underperfrom
4,2006-01-09 02:35:16,1136754316.0,a,0.0,34.65,-5.457025920873124,1290.15,14.058507863817596,-19.51553378469072,underperfrom
5,2006-06-21 11:01:16,1150867876.0,a,0.368,32.18,-12.19645293315143,1252.2,10.703455836199192,-22.899908769350624,underperfrom
6,2006-08-19 10:42:01,1155964321.0,a,0.396,31.8,-13.23328785811732,1295.43,14.525297711138412,-27.758585569255732,underperfrom
7,2007-02-20 17:46:56,1171973816.0,a,0.411,32.48,-11.377899045020468,1459.68,29.046175063874173,-40.424074108894644,underperfrom
8,2007-04-12 05:07:51,1176334671.0,a,0.411,34.62,-5.538881309686224,1447.8,27.995897907402316,-33.53477921708854,underperfrom
9,2008-01-23 19:28:50,1201096730.0,a,0.645,32.16,-12.251023192360169,1338.6,18.341835155994428,-30.592858348354596,underperfrom
10,2008-02-14 04:44:34,1202944474.0,a,0.645,32.68,-10.832196452933148,1348.86,19.248892700220114,-30.081089153153265,underperfrom
11,2008-04-26 04:49:23,1209165563.0,a,0.67,31.53,-13.969986357435191,1379.93,21.995703411632608,-35.9656897690678,underperfrom
12,2008-12-06 19:21:33,1228571493.0,a,0.83,17.26,-52.905866302864936,870.74,-23.020342489369046,-29.88552381349589,underperfrom
13,2011-08-02 06:45:37,1312247737.0,a,54.36,40.79,11.296043656207368,1254.05,10.867009097097577,0.42903455910979105,outperform
14,2011-11-08 05:04:16,1320708856.0,a,51.62,37.74,2.9740791268758624,1275.92,12.80047386242076,-9.826394735544898,underperfrom
15,2013-05-14 00:28:58,1368471538.0,a,44.12,43.04,17.435197817189636,1650.34,45.901885724894555,-28.46668790770492,underperfrom
16,2013-09-06 06:09:52,1378427992.0,a,56.39,47.68,30.095497953615286,1655.17,46.32889234659145,-16.233394392976166,underperfrom
17,2004-04-13 04:20:10,1081810210.0,aa,0.595,34.26,0.0,1129.44,0.0,0.0,underperfrom
18,2004-09-09 16:15:45,1094726745.0,aa,0.561,32.89,-3.9988324576765835,1118.38,-0.979246352174524,-3.0195861055020594,underperfrom
19,2004-11-24 10:37:20,1101272840.0,aa,0.53,33.58,-1.9848219497956794,1181.76,4.632384190395234,-6.6172061401909135,underperfrom
20,2004-12-05 00:36:42,1102187202.0,aa,0.53,32.86,-4.086398131932278,1190.33,5.391167304150718,-9.477565436082998,underperfrom
21,2005-01-13 07:18:32,1105580912.0,aa,0.457,29.43,-14.098073555166371,1177.45,4.250779147187986,-18.348852702354357,underperfrom
22,2005-02-07 03:48:37,1107728317.0,aa,0.457,29.37,-14.27320490367775,1201.72,6.399631675874767,-20.672836579552516,underperfrom
23,2005-05-22 08:48:23,1116731903.0,aa,0.543,27.45,-19.87740805604203,1191.08,5.457571894035971,-25.334979950078,underperfrom
24,2006-06-20 04:32:21,1150758141.0,aa,0.526,29.1,-15.061295971978975,1240.12,9.799546677999702,-24.86084264997868,underperfrom
25,2007-01-25 19:09:37,1169732377.0,aa,0.494,31.46,-8.172796263864557,1423.9,26.07132738348208,-34.24412364734663,underperfrom
26,2007-02-23 09:03:42,1172201622.0,aa,0.494,34.75,1.4302393461763048,1451.19,28.487569060773478,-27.057329714597174,underperfrom
27,2007-05-16 21:12:47,1179330167.0,aa,0.494,39.04,13.952130764740225,1514.14,34.06112763847571,-20.108996873735485,underperfrom
28,2007-06-22 06:39:12,1182474552.0,aa,0.503,40.34,17.746643315820215,1502.56,33.03584077064739,-15.289197454827175,underperfrom
29,2007-10-11 20:57:59,1192116479.0,aa,0.47,38.08,11.150029188558088,1554.41,37.62661141804789,-26.4765822294898,underperfrom
30,2008-01-23 16:05:53,1201084553.0,aa,0.499,28.04,-18.155283129013426,1338.6,18.518912027199306,-36.67419515621273,underperfrom
31,2008-10-28 00:52:22,1225135342.0,aa,0.672,9.04,-73.61354349095154,940.51,-16.727758889361105,-56.88578460159044,underperfrom
32,2008-12-05 01:03:15,1228419195.0,aa,0.672,8.06,-76.47402218330413,876.07,-22.433241252302025,-54.040780931002104,underperfrom
33,2008-12-06 09:33:46,1228536226.0,aa,0.672,8.15,-76.21132516053707,870.74,-22.90515653775323,-53.306168622783844,underperfrom
34,2008-12-18 10:54:07,1229577847.0,aa,0.672,10.35,-69.78984238178634,885.28,-21.61779288851113,-48.17204949327521,underperfrom
35,2011-09-03 09:21:23,1315021883.0,aa,48.26,12.04,-64.85697606538237,1218.89,7.919854086981163,-72.77683015236353,underperfrom
36,2011-11-02 22:04:47,1320251687.0,aa,50.93,10.7,-68.76824284880327,1237.9,9.60298909193937,-78.37123194074263,underperfrom
37,2011-11-05 21:29:24,1320508764.0,aa,50.93,10.93,-68.09690601284296,1237.9,9.60298909193937,-77.69989510478234,underperfrom
38,2012-01-02 19:42:06,1325513526.0,aa,50.93,8.65,-74.75189725627554,1257.6,11.347216319591997,-86.09911357586753,underperfrom
39,2012-03-09 07:34:06,1331258646.0,aa,54.5,9.77,-71.48277875072971,1370.87,21.376080181328785,-92.8588589320585,underperfrom
40,2012-03-19 02:24:48,1332104088.0,aa,54.5,10.54,-69.23525977816696,1409.75,24.818494120980304,-94.05375389914727,underperfrom
41,2012-05-19 11:51:52,1337408512.0,aa,55.28,8.43,-75.3940455341506,1324.8,17.297067573310656,-92.69111310746126,underperfrom
42,2012-07-29 16:51:57,1343560917.0,aa,56.42,8.45,-75.33566841798014,1360.02,20.415427114322135,-95.75109553230229,underperfrom
43,2012-11-27 11:38:14,1353996494.0,aa,56.51,8.31,-75.74430823117338,1398.94,23.861382632100863,-99.60569086327425,underperfrom
44,2013-01-22 17:52:37,1358857357.0,aa,53.49,9.16,-73.26328079392877,1492.56,32.15044623884402,-105.41372703277278,underperfrom
45,2013-04-23 20:02:57,1366727577.0,aa,53.21,8.12,-76.29889083479277,1578.78,39.78431789205269,-116.08320872684547,underperfrom
46,2013-04-26 20:55:15,1366989915.0,aa,53.21,8.27,-75.8610624635143,1582.24,40.09066440005666,-115.95172686357097,underperfrom
47,2013-09-01 04:25:11,1377989711.0,aa,52.71,7.7,-77.52481027437244,1638.17,45.04267601643292,-122.56748629080536,underperfrom
48,2003-12-07 10:36:10,1070773570.0,aapl,0.072,20.85,0.0,1069.72,0.0,0.0,underperfrom
49,2004-02-03 07:33:34,1075773814.0,aapl,0.07,22.32,7.05035971223021,1136.03,6.198818382380431,0.8515413298497796,outperform
50,2004-06-03 01:20:38,1086205838.0,aapl,0.0,28.92,38.705035971223026,1116.64,4.386194518191683,34.31884145303134,outperform
51,2004-08-10 02:02:44,1092083564.0,aapl,0.0,30.3,45.32374100719424,1079.04,0.8712560296152204,44.452484977579026,outperform
52,2004-10-12 05:40:57,1097539857.0,aapl,0.0,38.59,85.08393285371703,1121.84,4.87230303256926,80.21162982114777,outperform
53,2004-12-04 14:16:51,1102150011.0,aapl,0.0,62.68,200.62350119904076,1191.37,11.372134764237357,189.2513664348034,outperform
54,2005-01-26 15:16:47,1106732807.0,aapl,0.0,71.94,245.03597122302153,1174.07,9.75488912986575,235.2810820931558,outperform
55,2005-02-04 03:07:08,1107466628.0,aapl,0.0,77.81,273.18944844124695,1203.03,12.462139625322509,260.72730881592446,outperform
56,2005-03-01 10:36:03,1109653563.0,aapl,0.0,44.86,115.15587529976017,1210.41,13.152039786112258,102.00383551364791,outperform
57,2005-12-17 11:55:53,1134800753.0,aapl,0.0,71.11,241.05515587529976,1272.74,18.97879819018061,222.07635768511915,outperform
58,2006-01-25 09:43:52,1138162432.0,aapl,0.0,76.04,264.70023980815347,1264.68,18.22532999289534,246.47490981525812,outperform
59,2006-02-03 13:49:59,1138954799.0,aapl,0.0,72.1,245.80335731414863,1264.03,18.164566428598132,227.6387908855505,outperform
60,2006-02-07 09:17:30,1139284050.0,aapl,0.0,67.3,222.78177458033568,1254.78,17.29985416744568,205.48192041289,outperform
61,2006-02-17 15:01:01,1140168661.0,aapl,0.0,70.21,236.73860911270975,1287.24,20.334293086041207,216.40431602666854,outperform
62,2013-08-11 02:30:32,1376168432.0,aapl,13.75,454.45,2079.6163069544364,1697.48,58.68451557416894,2020.9317913802674,outperform
63,2013-06-19 09:57:38,1371616058.0,abbv,512.61,43.54,0.0,1628.93,0.0,0.0,underperfrom
64,2003-10-26 16:06:32,1067164592.0,abc,0.592,57.01,0.0,1033.77,0.0,0.0,underperfrom
65,2004-01-28 07:37:34,1075255654.0,abc,0.429,56.36,-1.14015085072794,1128.48,9.16161235090978,-10.30176320163772,underperfrom
66,2004-05-16 19:24:15,1084715655.0,abc,0.412,58.97,3.4379933345027203,1096.44,6.062276908790164,-2.6242835742874435,underperfrom
67,2004-10-20 01:31:26,1098216086.0,abc,0.331,52.1,-8.612524118575683,1103.66,6.760691449742215,-15.373215568317898,underperfrom
68,2005-01-08 07:45:42,1105150542.0,abc,0.332,57.9,1.5611296263813377,1183.74,14.507095388722831,-12.945965762341494,underperfrom
69,2005-03-30 19:52:42,1112192562.0,abc,0.291,55.44,-2.753902824065954,1181.41,14.281706762626126,-17.03560958669208,underperfrom
70,2005-05-26 01:50:44,1117052444.0,abc,0.23,65.93,15.646377828451167,1197.62,15.84975381371097,-0.20337598525980383,underperfrom
71,2005-12-04 08:46:13,1133666173.0,abc,0.223,79.46,39.379056305911234,1264.67,22.3357226462366,17.043333659674634,outperform
72,2007-02-20 06:12:02,1171932122.0,abc,0.308,54.9,-3.701105069286089,1459.68,41.19968658405642,-44.90079165334251,underperfrom
73,2007-04-05 16:11:07,1175769667.0,abc,0.308,53.94,-5.385020171899668,1443.76,39.65969219458874,-45.04471236648841,underperfrom
74,2008-01-23 20:34:05,1201100645.0,abc,0.396,45.55,-20.101736537449572,1338.6,29.48721669230099,-49.58895322975056,underperfrom
75,2011-07-08 00:04:15,1310063655.0,abc,42.86,43.05,-24.486932117172426,1343.8,29.990229935091943,-54.47716205226437,underperfrom
76,2012-02-28 18:01:38,1330432298.0,abc,66.41,37.75,-33.783546746184875,1372.18,32.73552144093948,-66.51906818712436,underperfrom
77,2013-04-25 01:02:00,1366831920.0,abc,59.73,55.82,-2.0873530959480755,1585.16,53.33778306586573,-55.4251361618138,underperfrom
78,2004-09-20 13:31:02,1095667262.0,abt,0.543,42.92,0.0,1122.2,0.0,0.0,underperfrom
79,2004-10-23 22:48:08,1098551888.0,abt,0.543,40.86,-4.7996272134203215,1103.66,-1.652111923008373,-3.1475152904119486,underperfrom
80,2005-01-25 12:44:11,1106637251.0,abt,0.508,45.93,7.013047530288905,1168.41,4.117804312956695,2.89524321733221,outperform
81,2005-02-28 19:21:54,1109598714.0,abt,0.508,45.61,6.267474370922642,1203.6,7.253608982356073,-0.9861346114334308,underperfrom
82,2006-06-17 18:01:01,1150547461.0,abt,0.436,42.78,-0.3261882572227413,1230.04,9.609695241489922,-9.935883498712663,underperfrom
83,2006-07-18 12:32:14,1153206134.0,abt,0.436,44.48,3.63466915191052,1236.86,10.21743004811975,-6.58276089620923,underperfrom
84,2007-01-13 21:19:42,1168703382.0,abt,0.604,50.45,17.544268406337373,1414.85,26.07823917305292,-8.533970766715548,underperfrom
85,2007-03-23 02:47:40,1174598260.0,abt,0.883,54.5,26.980428704566627,1436.11,27.97273213330956,-0.9923034287429324,underperfrom
86,2007-04-10 20:13:09,1176216189.0,abt,0.883,57.11,33.06150978564771,1448.39,29.067011227945112,3.9944985577025953,outperform
87,2007-06-03 02:36:35,1180818395.0,abt,0.871,56.3,31.174277726001854,1530.62,36.39458207093208,-5.220304344930227,underperfrom
88,2008-01-23 23:41:45,1201111905.0,abt,0.784,57.97,35.06523765144454,1338.6,19.28355016931027,15.78168748213427,outperform
89,2008-04-28 03:46:55,1209334615.0,abt,0.687,51.28,19.478098788443614,1396.37,24.431473890572075,-4.9533751021284615,underperfrom
90,2008-10-23 21:57:42,1224779262.0,abt,0.732,55.02,28.191985088536814,908.11,-19.077704509000178,47.269689597536996,outperform
91,2008-12-25 05:30:56,1230163256.0,abt,0.546,52.65,22.67008387698042,871.63,-22.32846194974158,44.998545826722,outperform
92,2011-08-05 04:11:33,1312497693.0,abt,76.17,48.77,13.630009319664497,1199.38,6.87756193191945,6.752447387745047,outperform
93,2011-09-02 09:24:27,1314935667.0,abt,68.83,51.94,21.015843429636526,1173.97,4.613259668508285,16.40258376112824,outperform
94,2011-11-02 06:21:21,1320195081.0,abt,68.83,52.76,22.92637465051257,1237.9,10.310105150597044,12.616269499915527,outperform
95,2012-01-01 23:13:40,1325439820.0,abt,67.73,56.23,31.011183597390477,1263.02,12.548565318125105,18.46261827926537,outperform
96,2012-03-02 20:56:30,1330701990.0,abt,62.85,57.39,33.71388630009319,1369.63,22.048654428800578,11.665231871292615,outperform
97,2012-03-30 05:44:15,1333066455.0,abt,62.85,60.98,42.07828518173344,1408.47,25.509713063625018,16.568572118108424,outperform
98,2013-05-08 18:10:02,1368016802.0,abt,76.36,36.06,-15.983224603914255,1632.69,45.49010871502406,-61.473333318938316,underperfrom
99,2013-08-18 07:12:45,1376790165.0,abt,35.38,34.97,-18.522833178005598,1661.32,48.04134735341293,-66.56418053141853,underperfrom
100,2004-08-16 22:53:27,1092677007.0,ace,0.26,39.1,0.0,1079.34,0.0,0.0,underperfrom
101,2004-10-10 11:27:42,1097387862.0,ace,0.26,41.04,4.961636828644496,1130.65,4.753831044897824,0.20780578374667158,outperform
102,2005-01-13 13:27:29,1105603049.0,ace,0.21,42.76,9.360613810741679,1177.45,9.089814145681633,0.2707996650600464,outperform
103,2007-02-20 18:32:05,1171976525.0,ace,0.171,58.6,49.87212276214834,1459.68,35.23820112290846,14.63392163923988,outperform
104,2007-04-05 15:54:06,1175768646.0,ace,0.171,57.24,46.39386189258312,1443.76,33.76322567494952,12.630636217633601,outperform
105,2008-01-23 21:48:58,1201105138.0,ace,0.154,59.98,53.40153452685421,1338.6,24.02023458780366,29.381299939050553,outperform
106,2010-12-07 07:29:30,1291687170.0,ace,23.09,59.06,51.04859335038363,1223.75,13.379472640687837,37.6691207096958,outperform
107,2011-08-11 20:49:00,1313075940.0,ace,27.7,63.42,62.19948849104859,1172.64,8.644171438101079,53.555317052947515,outperform
108,2013-04-23 04:24:03,1366671243.0,ace,24.94,89.27,128.31202046035804,1578.78,46.272722219133925,82.03929824122412,outperform
109,2013-05-16 15:08:57,1368697137.0,ace,27.94,92.58,136.77749360613808,1650.47,52.91474419552691,83.86274941061117,outperform
110,2003-12-15 23:12:24,1071510144.0,aci,1.074,30.78,0.0,1068.04,0.0,0.0,underperfrom
111,2005-01-24 04:33:07,1106521387.0,aci,1.18,34.52,12.150747238466543,1163.75,8.96127485861953,3.189472379847013,outperform
112,2005-02-05 03:36:51,1107554811.0,aci,1.18,38.4,24.75633528265106,1193.19,11.71772592786788,13.038609354783182,outperform
113,2005-03-30 06:50:28,1112145628.0,aci,0.936,41.15,33.69070825211175,1181.41,10.614770982360222,23.075937269751527,outperform
114,2006-05-24 04:17:01,1148424421.0,aci,0.854,46.39,50.71474983755685,1258.57,17.839219504887456,32.8755303326694,outperform
115,2007-03-11 21:41:07,1173629467.0,aci,0.86,30.08,-2.274204028590003,1401.89,31.258192577057052,-33.53239660564706,underperfrom
116,2007-04-07 18:52:27,1175952147.0,aci,0.86,33.93,10.233918128654967,1439.37,34.76742444103216,-24.533506312377195,underperfrom
117,2008-03-02 17:50:27,1204460427.0,aci,0.851,51.09,65.98440545808968,1367.68,28.055129021384978,37.929276436704704,outperform
118,2008-06-05 02:23:56,1212612836.0,aci,0.899,67.52,119.3632228719948,1404.05,31.4604321935508,87.90279067844399,outperform
119,2008-10-08 20:51:28,1223479288.0,aci,0.772,25.11,-18.421052631578952,984.94,-7.78060746788509,-10.640445163693862,underperfrom
120,2008-12-05 05:35:57,1228435557.0,aci,0.767,11.93,-61.241065627030544,876.07,-17.974045915883295,-43.26701971114725,underperfrom
121,2011-08-18 01:16:41,1313610401.0,aci,118.77,19.7,-35.997400909681616,1140.65,6.798434515561228,-42.79583542524284,underperfrom
122,2012-07-26 21:31:10,1343318470.0,aci,113.56,5.26,-82.9109811565952,1360.02,27.33792741844875,-110.24890857504394,underperfrom
123,2012-11-04 10:32:06,1352005326.0,aci,144.73,8.26,-73.16439246263809,1427.59,33.66446949552451,-106.8288619581626,underperfrom
124,2013-04-23 05:25:15,1366674915.0,aci,179.32,4.89,-84.1130604288499,1578.78,47.82030635556721,-131.9333667844171,underperfrom
125,2013-04-25 06:05:53,1366850153.0,aci,179.32,4.76,-84.53541260558805,1585.16,48.41766225984047,-132.9530748654285,underperfrom
126,2003-11-08 10:24:47,1068267287.0,acn,0.076,25.05,0.0,1051.81,0.0,0.0,underperfrom
127,2004-12-10 06:26:24,1102640184.0,acn,0.023,26.2,4.590818363273447,1188.0,12.948156035785937,-8.35733767251249,underperfrom
128,2005-02-10 03:10:56,1107985256.0,acn,0.023,25.51,1.8363273453093847,1197.01,13.804774626596064,-11.968447281286679,underperfrom
129,2005-04-04 05:07:40,1112571460.0,acn,0.023,24.44,-2.43512974051896,1176.12,11.818674475428068,-14.253804215947028,underperfrom
130,2005-09-04 02:06:58,1125779818.0,acn,0.04,25.31,1.037924151696599,1221.59,16.141698595753983,-15.103774444057384,underperfrom
131,2006-06-03 23:44:14,1149358454.0,acn,0.045,27.89,11.337325349301395,1270.09,20.752797558494404,-9.415472209193009,underperfrom
132,2006-08-22 00:50:41,1156188041.0,acn,0.034,28.57,14.051896207584827,1298.82,23.484279480134244,-9.432383272549417,underperfrom
133,2006-08-22 06:44:05,1156209245.0,acn,0.034,28.57,14.051896207584827,1298.82,23.484279480134244,-9.432383272549417,underperfrom
134,2006-08-27 03:22:58,1156629178.0,acn,0.034,28.36,13.21357285429141,1296.06,23.22187467318242,-10.00830181889101,underperfrom
135,2006-11-02 16:40:55,1162465855.0,acn,0.027,32.96,31.57684630738523,1367.34,29.99876403532957,1.57808227205566,outperform
136,2006-11-11 01:01:42,1163187102.0,acn,0.027,33.87,35.20958083832334,1385.72,31.74622793090008,3.4633529074232605,outperform
137,2006-12-03 00:17:12,1165085232.0,acn,0.027,33.81,34.970059880239525,1400.63,33.163784333672446,1.806275546567079,outperform
138,2007-03-14 19:10:39,1173879639.0,acn,0.018,35.39,41.27744510978044,1387.17,31.884085528755207,9.39335958102523,outperform
139,2007-05-05 07:47:14,1178331434.0,acn,0.015,39.1,56.087824351297414,1495.92,42.223405367889654,13.86441898340776,outperform
140,2007-06-05 04:17:34,1180997254.0,acn,0.015,41.24,64.63073852295409,1530.95,45.55385478365866,19.076883739295432,outperform
141,2007-07-06 07:06:36,1183685796.0,acn,0.015,42.81,70.89820359281438,1530.44,45.50536693889582,25.392836653918565,outperform
142,2008-04-07 01:42:51,1207512771.0,acn,0.004,36.77,46.78642714570859,1372.54,30.493149903499685,16.29327724220891,outperform
143,2008-10-18 23:21:07,1224352267.0,acn,0.003,31.4,25.349301397205583,907.84,-13.687833353932739,39.037134751138325,outperform
144,2008-12-02 16:28:13,1228215493.0,acn,0.003,29.98,19.68063872255489,848.81,-19.300063699717633,38.98070242227252,outperform
145,2008-12-21 20:10:46,1229870446.0,acn,0.001,32.21,28.582834331337324,885.28,-15.83270742814767,44.415541759484995,outperform
146,2011-09-01 16:51:37,1314876097.0,acn,0.11,53.62,114.05189620758482,1204.42,14.509274488738475,99.54262171884635,outperform
147,2011-11-08 00:40:19,1320693019.0,acn,0.1,58.0,131.5369261477046,1275.92,21.30708017607744,110.22984597162716,outperform
148,2012-02-29 00:47:01,1330456621.0,acn,0.15,59.76,138.562874251497,1365.68,29.84094085433682,108.72193339716017,outperform
149,2012-11-04 02:11:28,1351975288.0,acn,0.0,67.91,171.09780439121755,1427.59,35.7269849117236,135.37081947949395,outperform
150,2013-04-23 04:45:22,1366672522.0,acn,0.0,74.94,199.16167664670658,1578.78,50.10125402876946,149.06042261793712,outperform
151,2013-05-10 03:17:29,1368136049.0,acn,0.0,80.09,219.72055888223557,1633.7,55.32272939028914,164.39782949194642,outperform
152,2013-05-12 08:27:29,1368327449.0,act,177.28,119.86,0.0,1626.67,0.0,0.0,underperfrom
153,2004-01-25 05:32:05,1074988925.0,adbe,0.0,38.04,0.0,1143.94,0.0,0.0,underperfrom
154,2004-08-21 23:10:00,1093110000.0,adbe,0.0,46.09,21.16193480546794,1095.17,-4.2633354896235796,25.42527029509152,outperform
155,2004-11-12 17:19:37,1100260177.0,adbe,0.0,58.1,52.733964248159836,1184.17,3.516792838785252,49.217171409374586,outperform
156,2005-02-07 16:20:07,1107773407.0,adbe,0.0,63.67,67.3764458464774,1201.72,5.050964211409687,62.32548163506771,outperform
157,2005-04-05 04:12:22,1112654542.0,adbe,0.0,66.58,75.02628811777076,1181.39,3.2737730999877654,71.752515017783,outperform
158,2005-08-31 10:51:30,1125465690.0,adbe,0.0,27.12,-28.706624605678225,1220.33,6.677797786597188,-35.38442239227541,underperfrom
159,2006-02-21 13:18:21,1140508101.0,adbe,0.0,37.8,-0.630914826498428,1283.03,12.1588544853751,-12.789769311873528,underperfrom
160,2006-04-07 10:36:37,1144386397.0,adbe,0.0,36.1,-5.099894847528911,1295.5,13.24894662307463,-18.348841470603542,underperfrom
161,2008-12-04 14:30:57,1228381257.0,adbe,0.08,22.54,-40.7465825446898,845.22,-26.113257688340298,-14.633324856349503,underperfrom
162,2008-12-05 00:15:55,1228416355.0,adbe,0.08,20.44,-46.267087276550996,876.07,-23.416437925066,-22.850649351484996,underperfrom
163,2008-12-17 11:42:55,1229494375.0,adbe,0.08,22.32,-41.32492113564668,904.42,-20.93816109236499,-20.386760043281694,underperfrom
164,2008-12-20 21:49:14,1229789954.0,adbe,0.079,22.13,-41.824395373291274,904.42,-20.93816109236499,-20.886234280926285,underperfrom
165,2011-04-24 04:02:44,1303597964.0,adbe,28.03,33.48,-11.987381703470037,1337.38,16.90997779603826,-28.897359499508298,underperfrom
166,2011-08-05 04:11:46,1312497706.0,adbe,28.17,26.15,-31.25657202944269,1199.38,4.846408028393102,-36.102980057835794,underperfrom
167,2011-09-25 13:42:54,1316938374.0,adbe,28.17,24.88,-34.59516298633018,1129.56,-1.2570589366575264,-33.33810404967265,underperfrom
168,2011-10-18 13:47:26,1318925846.0,adbe,27.25,26.24,-31.019978969505786,1225.38,7.119254506355233,-38.13923347586102,underperfrom
169,2012-03-24 12:13:07,1332571387.0,adbe,25.26,33.81,-11.119873817034692,1402.89,22.63667674878053,-33.756550565815225,underperfrom
170,2012-07-02 04:31:22,1341183682.0,adbe,24.76,32.37,-14.90536277602524,1365.51,19.369022850848815,-34.27438562687406,underperfrom
171,2004-01-20 06:29:18,1074560358.0,adi,0.0,50.5,0.0,1138.77,0.0,0.0,underperfrom
172,2004-05-12 18:46:27,1084367787.0,adi,0.0,45.04,-10.811881188118813,1097.28,-3.643404726151902,-7.168476461966911,underperfrom
173,2004-06-22 09:09:13,1087875553.0,adi,0.0,45.03,-10.831683168316829,1134.41,-0.38286923610561396,-10.448813932211214,underperfrom
174,2004-08-10 02:07:28,1092083848.0,adi,0.0,35.92,-28.87128712871287,1079.04,-5.245132906557076,-23.62615422215579,underperfrom
175,2004-11-11 09:56:15,1100147175.0,adi,0.0,38.5,-23.762376237623762,1173.48,3.0480255011986648,-26.810401738822428,underperfrom
176,2005-01-24 03:34:28,1106517868.0,adi,0.0,34.47,-31.742574257425744,1163.75,2.1935948435592807,-33.936169100985026,underperfrom
177,2005-03-17 01:05:45,1111001745.0,adi,0.0,35.92,-28.87128712871287,1190.21,4.517154473686526,-33.388441602399396,underperfrom
178,2005-04-08 23:33:20,1112983400.0,adi,0.0,35.67,-29.366336633663366,1181.2,3.725949928431559,-33.09228656209493,underperfrom
179,2005-09-07 23:00:53,1126114253.0,adi,0.0,36.88,-26.970297029702966,1236.36,8.569772649437544,-35.54006967914051,underperfrom
180,2005-10-31 08:19:48,1130726988.0,adi,0.0,34.61,-31.465346534653467,1207.01,5.992430429322867,-37.457776963976336,underperfrom
181,2011-08-05 04:12:35,1312497755.0,adi,25.32,31.63,-37.366336633663366,1199.38,5.322409266138037,-42.688745899801404,underperfrom
182,2012-03-19 11:50:51,1332138051.0,adi,22.65,39.7,-21.38613861386138,1409.75,23.795849908234327,-45.18198852209571,underperfrom
183,2013-04-22 02:24:41,1366577681.0,adi,17.57,42.36,-16.11881188118812,1562.5,37.20944527867787,-53.328257159865984,underperfrom
184,2013-05-11 12:07:46,1368254266.0,adi,17.57,46.79,-7.346534653465349,1632.69,43.37311309570853,-50.71964774917388,underperfrom
185,2003-11-12 17:41:28,1068639088.0,adm,0.733,14.48,0.0,1058.53,0.0,0.0,underperfrom
186,2004-01-31 04:11:22,1075502482.0,adm,0.703,15.66,8.149171270718229,1128.48,6.608220834553584,1.5409504361646453,outperform
187,2004-04-14 16:44:25,1081941265.0,adm,0.789,16.81,16.091160220994464,1128.17,6.578934938074508,9.512225282919957,outperform
188,2004-06-19 13:33:48,1087632228.0,adm,0.848,16.28,12.43093922651934,1133.56,7.088131654275267,5.342807572244074,outperform
189,2004-11-30 07:08:52,1101778732.0,adm,0.613,21.23,46.61602209944751,1173.82,10.891519371203458,35.724502728244055,outperform
190,2005-01-26 00:58:06,1106681286.0,adm,0.613,22.65,56.42265193370164,1174.07,10.915137029654328,45.50751490404731,outperform
191,2005-02-08 21:21:16,1107877876.0,adm,0.613,23.71,63.74309392265194,1202.3,13.582043021926632,50.16105090072531,outperform
192,2005-02-14 20:39:46,1108393786.0,adm,0.528,24.5,69.1988950276243,1206.14,13.944810255732017,55.25408477189229,outperform
193,2006-04-06 18:53:48,1144329828.0,adm,0.52,37.05,155.87016574585633,1309.04,23.665838474110323,132.204327271746,outperform
194,2006-04-07 06:53:49,1144373029.0,adm,0.52,36.92,154.97237569060772,1295.5,22.386706092411178,132.58566959819655,outperform
195,2006-04-12 00:58:21,1144783701.0,adm,0.52,36.55,152.4171270718232,1288.12,21.68951281494147,130.7276142568817,outperform
196,2006-04-22 19:30:52,1145714452.0,adm,0.52,37.86,161.46408839779005,1309.93,23.74991733819543,137.7141710595946,outperform
197,2006-04-23 14:17:44,1145782064.0,adm,0.52,37.86,161.46408839779005,1311.46,23.894457407914757,137.5696309898753,outperform
198,2006-04-24 19:49:42,1145888382.0,adm,0.52,38.45,165.5386740331492,1308.11,23.577980784673077,141.9606932484761,outperform
199,2006-04-28 06:30:41,1146186041.0,adm,0.52,36.19,149.9309392265193,1310.61,23.814157369181785,126.11678185733753,outperform
200,2006-05-16 14:27:00,1147769820.0,adm,0.514,43.1,197.65193370165747,1292.08,22.063616524803262,175.58831717685422,outperform
201,2007-02-20 08:05:08,1171938908.0,adm,0.541,35.88,147.79005524861878,1459.68,37.89689475026689,109.8931604983519,outperform
202,2007-03-07 08:11:55,1173235315.0,adm,0.541,32.96,127.62430939226519,1391.97,31.50028813543311,96.12402125683208,outperform
203,2007-04-09 12:40:37,1176102637.0,adm,0.541,37.02,155.66298342541438,1444.61,36.4732222988484,119.18976112656598,outperform
204,2007-06-18 03:24:32,1182117272.0,adm,0.597,34.57,138.74309392265195,1531.05,44.6392638848214,94.10383003783055,outperform
205,2007-06-19 05:10:54,1182210054.0,adm,0.597,34.75,139.98618784530385,1533.7,44.88961106440064,95.0965767809032,outperform
206,2007-10-12 05:57:34,1192148854.0,adm,0.47,34.9,141.0220994475138,1561.8,47.54423587427848,93.47786357323531,outperform
207,2008-01-23 23:14:44,1201110284.0,adm,0.62,40.85,182.11325966850828,1338.6,26.458390409341252,155.65486925916701,outperform
208,2009-01-09 16:47:55,1231499875.0,adm,0.628,27.94,92.95580110497238,890.35,-15.888071193069631,108.84387229804202,outperform
209,2011-07-29 19:09:22,1311946762.0,adm,85.48,30.64,111.60220994475138,1292.28,22.08251065156396,89.51969929318741,outperform
210,2011-08-05 04:13:27,1312497807.0,adm,85.48,28.05,93.71546961325967,1199.38,13.306188771220478,80.4092808420392,outperform
211,2011-09-28 04:29:00,1317164340.0,adm,54.78,25.77,77.9696132596685,1151.06,8.741367745836204,69.2282455138323,outperform
212,2011-12-31 04:39:51,1325286591.0,adm,51.59,28.6,97.51381215469614,1249.64,18.054282826183492,79.45952932851264,outperform
213,2012-07-28 11:39:41,1343455781.0,adm,55.68,27.54,90.19337016574585,1337.89,26.391316259340798,63.80205390640505,outperform
214,2013-06-07 17:17:34,1370605654.0,adm,46.71,33.02,128.0386740331492,1643.38,55.251150179966565,72.78752385318262,outperform
215,2004-05-12 18:03:39,1084365219.0,adp,0.015,45.7,0.0,1097.28,0.0,0.0,underperfrom
216,2006-05-29 06:22:46,1148863966.0,adp,0.012,45.98,0.6126914660831378,1280.16,16.66666666666668,-16.05397520058354,underperfrom
217,2006-06-27 09:26:37,1151380597.0,adp,0.012,44.48,-2.6695842450765994,1239.2,12.933799941673966,-15.603384186750565,underperfrom
218,2007-02-20 18:32:39,1171976559.0,adp,0.012,50.7,10.940919037199125,1459.68,33.02712160979878,-22.08620257259966,underperfrom
219,2007-04-28 09:46:50,1177733810.0,adp,0.012,45.17,-1.1597374179431095,1495.42,36.28426655001459,-37.444003967957705,underperfrom
220,2007-05-28 15:46:58,1180347418.0,adp,0.007,49.23,7.724288840262568,1515.73,38.13520705745116,-30.410918217188595,underperfrom
221,2007-06-30 05:05:33,1183160133.0,adp,0.007,48.47,6.061269146608305,1506.34,37.279454651501894,-31.21818550489359,underperfrom
222,2007-10-22 09:12:40,1193024560.0,adp,0.008,47.52,3.982494529540482,1506.33,37.27854330708661,-33.296048777546126,underperfrom
223,2008-01-23 19:35:35,1201097135.0,adp,0.078,38.56,-15.62363238512035,1338.6,21.992563429571298,-37.61619581469165,underperfrom
224,2008-12-07 07:53:01,1228616581.0,adp,0.288,37.59,-17.746170678336977,845.22,-22.971347331583548,5.225176653246571,outperform
225,2011-08-05 04:11:51,1312497711.0,adp,0.57,47.88,4.770240700218817,1199.38,9.304826480023342,-4.534585779804525,underperfrom
226,2011-09-30 03:20:09,1317333009.0,adp,0.62,48.12,5.295404814004364,1131.42,3.111329833770788,2.184074980233576,outperform
227,2012-01-04 00:07:51,1325615871.0,adp,0.61,54.46,19.16849015317286,1277.3,16.40602216389618,2.762467989276683,outperform
228,2012-04-20 21:07:33,1334936253.0,adp,0.58,55.02,20.393873085339166,1378.53,25.63156167979003,-5.237688594450862,underperfrom
229,2012-07-26 00:02:28,1343241148.0,adp,0.27,55.41,21.247264770240683,1360.02,23.944663167104114,-2.6973983968634307,underperfrom
230,2012-11-04 17:34:40,1352030680.0,adp,0.26,57.37,25.536105032822743,1427.59,30.102617381160684,-4.566512348337941,underperfrom
231,2013-02-06 18:15:11,1360154711.0,adp,7.29,60.33,32.01312910284463,1512.12,37.80621172353455,-5.793082620689923,underperfrom
232,2013-04-23 04:13:36,1366670616.0,adp,0.46,65.5,43.326039387308526,1578.78,43.88123359580053,-0.5551942084920043,underperfrom
233,2013-04-26 14:37:22,1366967242.0,adp,0.46,66.59,45.71115973741794,1582.24,44.1965587634879,1.5146009739300368,outperform
234,2003-10-03 16:48:40,1065179920.0,adsk,0.0,18.44,0.0,1029.85,0.0,0.0,underperfrom
235,2004-06-20 07:36:21,1087697181.0,adsk,0.0,39.4,113.66594360086766,1132.05,9.923775307083561,103.7421682937841,outperform
236,2004-08-03 23:39:21,1091556561.0,adsk,0.0,39.96,116.70281995661604,1099.69,6.7815701315725745,109.92124982504346,outperform
237,2005-02-25 15:10:44,1109324444.0,adsk,0.0,29.83,61.767895878524925,1211.37,17.62586784483177,44.14202803369315,outperform
238,2005-04-19 09:08:08,1113881888.0,adsk,0.0,31.69,71.85466377440348,1152.78,11.93668980919552,59.917973965207956,outperform
239,2013-02-06 12:50:17,1360135217.0,adsk,5.45,39.06,111.82212581344902,1512.12,46.829149876195565,64.99297593725345,outperform
240,2013-05-14 02:47:26,1368479846.0,adsk,36.49,38.9,110.95444685466376,1650.34,60.250521920668064,50.703924933995694,outperform
241,2013-04-23 04:44:32,1366672472.0,adt,48.01,43.84,0.0,1578.78,0.0,0.0,underperfrom
242,2013-05-09 13:05:42,1368084942.0,adt,69.94,44.47,1.4370437956204276,1626.67,3.0333548689494485,-1.596311073329021,underperfrom
243,2004-09-24 17:33:50,1096027430.0,aee,0.804,46.07,0.0,1110.11,0.0,0.0,underperfrom
244,2004-11-02 15:30:15,1099389615.0,aee,0.804,48.01,4.210983286303446,1130.56,1.8421597859671606,2.368823500336286,outperform
245,2005-03-05 21:55:16,1110039916.0,aee,0.974,51.83,12.502713262426738,1210.08,9.005413877903996,3.4972993845227425,outperform
246,2005-12-16 06:43:01,1134695581.0,aee,0.863,52.32,13.566312133709571,1267.32,14.161659655349473,-0.5953475216399013,underperfrom
247,2006-01-10 11:29:29,1136872769.0,aee,0.863,51.66,12.133709572389833,1289.69,16.17677527452236,-4.043065702132527,underperfrom
248,2007-02-20 06:12:12,1171932132.0,aee,0.965,53.51,16.14933796396787,1459.68,31.489672194647394,-15.340334230679524,underperfrom
249,2007-12-15 01:09:10,1197661150.0,aee,1.02,53.77,16.7136965487302,1486.59,33.913756294421276,-17.200059745691075,underperfrom
250,2008-01-23 19:17:07,1201096027.0,aee,1.02,46.34,0.5860646841762603,1338.6,20.582644963111765,-19.996580278935504,underperfrom
251,2012-04-23 16:14:50,1335177890.0,aee,86.81,31.45,-31.734317343173434,1366.94,23.135545126158686,-54.86986246933212,underperfrom
252,2013-05-15 17:35:45,1368619545.0,aee,94.51,36.37,-21.054916431517263,1658.78,49.42483177342787,-70.47974820494514,underperfrom
253,2008-12-08 10:59:42,1228714182.0,aeo,0.054,9.73,0.0,909.7,0.0,0.0,underperfrom
254,2009-01-12 14:36:10,1231751170.0,aeo,0.054,10.13,4.110996916752316,870.26,-4.33549521820381,8.446492134956125,outperform
255,2004-08-03 23:58:46,1091557726.0,aep,1.754,31.64,0.0,1099.69,0.0,0.0,underperfrom
256,2004-10-10 13:54:05,1097396645.0,aep,1.739,32.38,2.3388116308470353,1130.65,2.8153388682265033,-0.476527237379468,underperfrom
257,2005-04-04 22:37:45,1112634465.0,aep,1.435,33.96,7.332490518331227,1176.12,6.950140494139243,0.38235002419198416,outperform
258,2007-03-07 02:53:36,1173216216.0,aep,1.342,45.33,43.26801517067003,1391.97,26.578399367094356,16.689615803575677,outperform
259,2007-04-10 20:12:53,1176216173.0,aep,1.457,49.34,55.94184576485463,1448.39,31.70893615473452,24.232909610120107,outperform
260,2008-01-23 20:30:47,1201100447.0,aep,1.55,43.82,38.49557522123894,1338.6,21.72521346925041,16.770361751988528,outperform
261,2011-04-08 04:53:43,1302218623.0,aep,136.63,35.47,12.10493046776232,1328.17,20.776764360865336,-8.671833893103015,underperfrom
262,2011-11-13 10:16:12,1321159572.0,aep,120.73,39.52,24.905183312262967,1239.7,12.73176986241577,12.173413449847196,outperform
263,2012-07-27 00:36:41,1343329601.0,aep,123.75,41.95,32.58533501896335,1385.97,26.03279105929853,6.5525439596648205,outperform
264,2013-04-25 05:13:54,1366847034.0,aep,126.19,50.9,60.87231352718078,1585.16,44.14607753094054,16.72623599624024,outperform
265,2003-10-03 17:23:47,1065182027.0,aes,101.18,7.96,0.0,1029.85,0.0,0.0,underperfrom
266,2003-12-15 21:31:38,1071504098.0,aes,29.748,8.39,5.402010050251263,1068.04,3.7083070350051033,1.69370301524616,outperform
267,2004-08-04 00:04:30,1091558070.0,aes,15.619,9.66,21.356783919597994,1098.63,6.678642520755469,14.678141398842525,outperform
268,2004-10-26 04:29:14,1098745154.0,aes,15.619,11.05,38.819095477386945,1111.09,7.888527455454679,30.930568021932267,outperform
269,2004-12-05 09:19:07,1102218547.0,aes,12.944,12.42,56.03015075376885,1190.33,15.582851871631794,40.447298882137055,outperform
270,2005-02-18 08:12:43,1108694563.0,aes,10.698,16.48,107.03517587939697,1201.59,16.676214982764485,90.35896089663248,outperform
271,2007-02-19 02:26:15,1171832175.0,aes,6.513,22.3,180.15075376884423,1455.54,41.335145895033264,138.81560787381096,outperform
272,2007-04-11 05:09:29,1176248369.0,aes,6.513,22.42,181.65829145728645,1438.87,39.71646356265476,141.9418278946317,outperform
273,2008-01-23 21:05:49,1201102549.0,aes,5.378,17.9,124.87437185929646,1338.6,29.980094188474055,94.8942776708224,outperform
274,2008-04-23 21:50:03,1208967603.0,aes,5.687,17.63,121.48241206030148,1379.93,33.993299995144945,87.48911206515655,outperform
275,2011-05-23 09:17:49,1306122469.0,aes,178.11,13.02,63.56783919597989,1317.37,27.9186289265427,35.64921026943719,outperform
276,2011-07-24 02:55:42,1311456342.0,aes,178.11,12.68,59.2964824120603,1343.8,30.485022090595727,28.811460321464573,outperform
277,2013-05-23 20:50:51,1369322451.0,aes,279.88,12.9,62.060301507537694,1650.51,60.267029179006656,1.7932723285310388,outperform
278,2004-02-15 08:22:54,1076813574.0,aet,0.211,77.5,0.0,1152.11,0.0,0.0,underperfrom
279,2004-08-03 20:44:23,1091546063.0,aet,0.193,86.6,11.74193548387096,1099.69,-4.549912768746027,16.291848252616987,outperform
280,2004-11-30 04:45:36,1101770136.0,aet,0.178,118.21,52.52903225806451,1173.82,1.8843686800739545,50.644663577990556,outperform
281,2005-02-04 06:20:07,1107478207.0,aet,0.178,130.85,68.83870967741935,1203.03,4.419716867313023,64.41899281010632,outperform
282,2005-04-08 02:12:37,1112906557.0,aet,0.177,76.32,-1.522580645161299,1181.2,2.5249325151244366,-4.047513160285735,underperfrom
283,2005-09-23 17:26:49,1127476609.0,aet,0.17,82.71,6.7225806451612815,1215.29,5.4838513683589305,1.238729276802351,outperform
284,2006-01-11 03:31:09,1136930469.0,aet,0.172,92.65,19.5483870967742,1294.18,12.331287811059722,7.217099285714477,outperform
285,2006-05-07 11:34:24,1146981864.0,aet,0.155,37.99,-50.98064516129032,1312.25,13.899714436989532,-64.88035959827985,underperfrom
286,2007-01-25 23:46:33,1169748993.0,aet,0.253,41.1,-46.96774193548387,1423.9,23.590629366987546,-70.55837130247141,underperfrom
287,2007-02-20 08:05:18,1171938918.0,aet,0.253,45.61,-41.148387096774194,1459.68,26.69623560250325,-67.84462269927744,underperfrom
288,2007-04-06 18:34:03,1175864643.0,aet,0.272,45.0,-41.935483870967744,1437.77,24.79450746890489,-66.72999133987264,underperfrom
289,2008-01-23 22:12:23,1201106543.0,aet,0.31,54.11,-30.180645161290325,1338.6,16.18682243882963,-46.36746760011995,underperfrom
290,2008-02-22 22:13:00,1203698580.0,aet,0.31,50.13,-35.31612903225806,1353.11,17.44625079202507,-52.76237982428313,underperfrom
291,2008-11-01 10:58:06,1225517286.0,aet,0.389,24.87,-67.90967741935484,930.09,-19.270729357439816,-48.638948061915016,underperfrom
292,2012-12-19 21:05:07,1355931307.0,aet,43.0,46.0,-40.64516129032258,1435.81,24.624384824365738,-65.26954611468831,underperfrom
293,2013-06-05 05:12:09,1370389329.0,aet,63.37,59.36,-23.406451612903226,1608.9,39.64812387706037,-63.0545754899636,underperfrom
294,2003-10-03 17:29:50,1065182390.0,afl,0.173,33.43,0.0,1029.85,0.0,0.0,underperfrom
295,2003-12-07 12:26:30,1070780190.0,afl,0.206,35.47,6.102303320370922,1069.72,3.8714375879982637,2.230865732372658,outperform
296,2004-06-27 21:50:24,1088353224.0,afl,0.203,40.4,20.849536344600654,1140.65,10.758848375977102,10.090687968623552,outperform
297,2004-08-29 05:10:22,1093736422.0,afl,0.226,39.99,19.62309303021239,1105.09,7.305918337621985,12.317174692590406,outperform
298,2005-01-25 00:35:34,1106593534.0,afl,0.189,39.58,18.396649715824108,1168.41,13.4543865611497,4.942263154674407,outperform
299,2005-03-17 18:20:48,1111063848.0,afl,0.189,38.22,14.328447502243492,1190.21,15.57119968927515,-1.242752187031659,underperfrom
300,2005-04-06 19:09:19,1112794759.0,afl,0.189,37.0,10.679030810649119,1184.07,14.97499635869302,-4.295965548043901,underperfrom
301,2005-08-28 22:41:53,1125249113.0,afl,0.162,43.93,31.40891414896799,1212.37,17.722969364470554,13.685944784497437,outperform
302,2006-02-02 01:16:50,1138823210.0,afl,0.212,47.17,41.10080765779241,1270.84,23.400495217750162,17.700312440042246,outperform
303,2006-05-28 02:32:55,1148763775.0,afl,0.185,46.78,39.93419084654503,1272.88,23.598582317813296,16.335608528731733,outperform
304,2007-02-20 18:32:53,1171976573.0,afl,0.171,48.45,44.92970385880946,1459.68,41.73714618633784,3.1925576724716223,outperform
305,2007-04-08 10:16:28,1176007588.0,afl,0.171,47.92,43.34430152557584,1443.76,40.191289993688414,3.1530115318874223,outperform
306,2008-01-23 12:52:38,1201072958.0,afl,0.172,61.31,83.39814537840265,1338.6,29.980094188474055,53.41805118992859,outperform
307,2009-01-29 12:02:15,1233210735.0,afl,0.241,25.06,-25.037391564463064,845.14,-17.93562169247948,-7.101769871983585,underperfrom
308,2011-12-30 09:10:57,1325216457.0,afl,33.03,43.27,29.434639545318586,1257.6,22.11487109773268,7.319768447585904,outperform
309,2012-07-17 03:10:14,1342474814.0,afl,30.49,43.2,29.225246784325464,1363.67,32.41442928581834,-3.18918250149288,underperfrom
310,2013-05-07 11:42:45,1367907165.0,afl,27.57,55.61,66.34759198324858,1625.96,57.88318687187456,8.46440511137402,outperform
311,2003-11-17 22:46:03,1069089363.0,agn,0.739,76.65,0.0,1043.63,0.0,0.0,underperfrom
312,2004-06-19 14:49:29,1087636769.0,agn,0.695,91.42,19.26940639269406,1133.56,8.61703860563608,10.652367787057978,outperform
313,2004-08-10 02:33:38,1092085418.0,agn,0.637,69.32,-9.562948467058071,1079.04,3.392964939681674,-12.955913406739745,underperfrom
314,2004-11-02 14:09:49,1099384789.0,agn,0.637,72.5,-5.414220482713641,1130.56,8.329580406849155,-13.743800889562795,underperfrom
315,2005-03-10 01:40:57,1110399057.0,agn,0.522,75.47,-1.5394651011089455,1209.25,15.869608961030238,-17.409074062139183,underperfrom
316,2005-04-04 23:20:33,1112637033.0,agn,0.522,69.07,-9.889106327462507,1176.12,12.695112252426604,-22.58421857988911,underperfrom
317,2005-08-29 12:42:47,1125299567.0,agn,0.51,92.83,21.10893672537507,1212.28,16.15994174180503,4.948994983570039,outperform
318,2006-06-21 09:29:01,1150862341.0,agn,0.47,104.14,35.86431833007174,1252.2,19.98505217366307,15.879266156408669,outperform
319,2007-02-20 16:30:00,1171969200.0,agn,0.544,113.32,47.840834964122614,1459.68,39.8656612017669,7.975173762355716,outperform
320,2007-04-06 22:28:10,1175878690.0,agn,0.544,113.52,48.10176125244617,1437.77,37.76625815662638,10.335503095819789,outperform
321,2008-01-23 23:06:53,1201109813.0,agn,0.449,65.01,-15.185909980430528,1338.6,28.26384829872654,-43.44975827915707,underperfrom
322,2008-02-16 18:44:49,1203167689.0,agn,0.436,63.89,-16.647097195042406,1367.21,31.00524132115787,-47.652338516200274,underperfrom
323,2008-05-17 08:24:31,1210992871.0,agn,0.429,54.11,-29.406392694063932,1408.66,34.97695543439725,-64.38334812846118,underperfrom
324,2012-08-11 08:06:33,1344652593.0,agn,28.52,85.61,11.689497716894968,1402.22,34.3598785010013,-22.670380784106328,underperfrom
325,2012-08-22 22:58:41,1345656521.0,agn,28.52,85.43,11.454664057403784,1413.49,35.439763134444185,-23.985099077040402,underperfrom
326,2013-04-22 02:49:52,1366579192.0,agn,26.63,113.74,48.38878016960207,1562.5,49.71781186819082,-1.32903169858875,underperfrom
327,2013-05-12 05:08:18,1368315498.0,agn,40.37,104.18,35.916503587736464,1626.67,55.86654274024318,-19.95003915250672,underperfrom
328,2004-02-15 09:40:39,1076818239.0,aig,1.15,74.72,0.0,1152.11,0.0,0.0,underperfrom
329,2004-08-18 11:50:54,1092810054.0,aig,1.173,68.32,-8.565310492505361,1095.17,-4.942236418397535,-3.6230740741078264,underperfrom
330,2005-01-18 04:07:03,1106001423.0,aig,1.162,66.14,-11.482869379014987,1195.98,3.8077961305778203,-15.290665509592808,underperfrom
331,2005-04-28 12:07:20,1114670240.0,aig,1.162,51.85,-30.607601713062095,1143.22,-0.7716277091597047,-29.83597400390239,underperfrom
332,2006-01-07 18:38:22,1136639302.0,aig,1.294,70.11,-6.169700214132762,1273.46,10.532848425931563,-16.702548640064325,underperfrom
333,2006-06-17 17:06:59,1150544219.0,aig,1.384,59.87,-19.87419700214133,1230.04,6.764111065783656,-26.638308067924985,underperfrom
334,2007-03-15 06:01:57,1173918717.0,aig,1.687,67.0,-10.331905781584581,1392.28,20.846099764779414,-31.178005546363995,underperfrom
335,2007-05-04 05:36:10,1178237170.0,aig,1.687,70.65,-5.447002141327614,1505.62,30.683702077058616,-36.13070421838623,underperfrom
336,2007-06-05 04:27:22,1180997842.0,aig,1.614,72.55,-2.904175588865099,1530.95,32.882276865924275,-35.78645245478938,underperfrom
337,2007-07-06 07:35:21,1183687521.0,aig,1.614,70.27,-5.955567451820133,1530.44,32.83801025943705,-38.79357771125718,underperfrom
338,2008-01-23 16:02:26,1201084346.0,aig,1.918,52.07,-30.313169164882225,1338.6,16.18682243882963,-46.499991603711855,underperfrom
339,2008-05-23 12:57:40,1211527660.0,aig,2.282,37.81,-49.397751605995715,1375.93,19.426964439159473,-68.82471604515518,underperfrom
340,2008-09-21 02:42:52,1221945172.0,aig,2.411,3.85,-94.84743040685225,1206.51,4.721771358637639,-99.5692017654899,underperfrom
341,2008-10-27 11:48:40,1225088320.0,aig,2.411,1.7,-97.72483940042827,848.92,-26.316063570318803,-71.40877583010946,underperfrom
342,2008-12-17 11:42:57,1229494377.0,aig,3.273,1.8,-97.59100642398288,904.42,-21.498815217296958,-76.09219120668592,underperfrom
343,2008-12-19 05:47:27,1229645847.0,aig,3.273,1.67,-97.76498929336188,887.88,-22.934442023765087,-74.83054726959679,underperfrom
344,2009-01-06 14:34:51,1231232691.0,aig,3.273,1.66,-97.77837259100643,934.7,-18.87059395370233,-78.9077786373041,underperfrom
345,2011-04-29 00:43:45,1304018025.0,aig,95.52,31.8,-57.441113490364025,1363.61,18.35762210205623,-75.79873559242026,underperfrom
346,2011-09-02 15:22:28,1314957148.0,aig,85.55,24.08,-67.77301927194861,1173.97,1.8973882702172646,-69.67040754216588,underperfrom
347,2011-11-03 02:27:12,1320267432.0,aig,76.86,24.19,-67.62580299785867,1261.15,9.46437406150456,-77.09017705936323,underperfrom
348,2011-11-04 17:31:20,1320408080.0,aig,76.86,23.75,-68.21466809421841,1253.23,8.776939701938193,-76.9916077961566,underperfrom
349,2012-01-02 19:39:36,1325513376.0,aig,81.27,23.2,-68.95074946466809,1257.6,9.15624376144639,-78.10699322611448,underperfrom
350,2012-03-10 07:53:56,1331346236.0,aig,66.35,28.25,-62.19218415417559,1352.63,17.40458810356652,-79.59677225774212,underperfrom
351,2012-07-01 20:48:59,1341155939.0,aig,74.18,32.09,-57.05299785867237,1329.04,15.357040560363167,-72.41003841903554,underperfrom
352,2012-07-13 10:02:58,1342153978.0,aig,74.18,30.47,-59.2210920770878,1356.78,17.76479676419787,-76.98588884128567,underperfrom
353,2012-11-12 11:30:45,1352700045.0,aig,71.9,32.17,-56.945931477516055,1380.03,19.782833236409726,-76.72876471392578,underperfrom
354,2013-01-30 10:56:28,1359523588.0,aig,71.9,37.82,-49.38436830835118,1501.96,30.366024077562052,-79.75039238591323,underperfrom
355,2013-04-22 02:32:25,1366578145.0,aig,48.99,38.88,-47.96573875802997,1562.5,35.62073065939885,-83.58646941742882,underperfrom
356,2013-05-11 13:26:32,1368258992.0,aig,45.01,44.18,-40.87259100642398,1632.69,41.71303087378811,-82.58562188021209,underperfrom
